theta0,theta1
8008.439832646783,-4656.591444722055
